Year,Authors,Title,Source title,DOI
2026,Gomez-Niebles S.; Osejo-Arcos V.; Vergara-Garcia D.; Aguilera-Pena M.P.; Ibanez-Pinilla M.; Aponte-Caballero R.; Abaunza-Camacho J.F.; Avellaneda-Curcho L.C.; García-Agudelo L.; Barrera-Guzmán C.; Gonzalez N.R.; Riveros-Castillo W.M.; Saavedra J.M.,"The Shifting Landscape of Traumatic Brain Injury After COVID-19: Prelockdown, Lockdown, and Postlockdown Trends: Data from a Referral Center in Colombia",World Neurosurgery,10.1016/j.wneu.2025.124667
2026,Rodríguez S.; Guerrero-Guevara L.F.; Corzo-Forero J.; León-Prieto C.,"Built environment and environmental determinants of neurological health: opportunities in Bogotá, Colombia",Journal of Transport and Health,10.1016/j.jth.2026.102286
2026,Sanjuan J.; García A.F.; Gutiérrez-Martínez M.I.; Villegas-Gomez G.A.,Survival and Risk Factors in Interpersonal Injuries: A Secondary Ecosocial Study,Journal of Surgical Research,10.1016/j.jss.2025.12.014
2026,Ramos H.; Santiago R.; Alves M.,Gyroid lattice structure helmet liner for traumatic brain injury mitigation under oblique impact condition,International Journal of Protective Structures,10.1177/20414196261445999
2026,Sampaio R.A.G.; Ferreira R.G.; Leite Í.M.M.; de Sousa I.V.; da Cruz Silva G.G.; Linhares M.T.; Lacerda W.K.; Carvalho L.R.R.A.; Lucena R.B.,Fatal traumatic injury patterns in free-roaming cats: an anatomopathological study of 40 cases,BMC Veterinary Research,10.1186/s12917-026-05733-z
2025,Chong S.-L.; Zhu Y.; Wang Q.; Caporal P.; Roa J.D.; Chamorro F.I.P.; Teran Miranda T.E.; Dang H.; Gan C.S.; Abbas Q.; Ardila I.J.; Antar M.A.; Domínguez-Rojas J.A.; Rodríguez M.M.; Watzlawik N.Z.; Gómez Arriola N.E.; Yock-Corrales A.; Lasso-Palomino R.E.; Xiu M.M.; Ong J.S.M.; Kurosawa H.; Aparicio G.; Liu C.; Samransamruajkit R.; Jaramillo-Bustamante J.C.; Anantasit N.; Chor Y.K.; Turina D.M.; Lee P.C.; Flores M.F.; Pilar Orive F.J.; Ng Pei Wen J.; González-Dambrauskas S.; Lee J.H.; Kazzaz Y.M.; Jian J.; Qian S.; Fan L.; Lee O.P.E.; Chuah S.L.; You K.; Zhang T.; Noguera D.L.; Cerón E.; Barceló A.L.; Domínguez S.B.R.; Ortega Ocas C.J.,Clinical Outcomes of Hypertonic Saline vs Mannitol Treatment among Children with Traumatic Brain Injury,JAMA Network Open,10.1001/jamanetworkopen.2025.0438
2025,Modesto Dos Santos V.; Modesto Dos Santos L.A.; Plaça Tedeschi A.,Internal carotid dissection after the motorcycle accidents,Marmara Medical Journal,10.5472/marumj.1629061
2025,Aponte-Caballero R.; Osejo-Arcos V.; Avellaneda L.C.C.; Madrinan-Navia H.; Fernando Rodríguez M.S.; Riveros-Castillo W.M.; Saavedra J.M.G.; Peña C.E.,Traumatic Spinal Epidural Hematoma Associated with Cervical Nerve Root Avulsion without Vertebral Fractures: Case Report,Turkish Neurosurgery,10.5137/1019-5149.JTN.46720-24.2
2025,Flórez de Moya H.Y.; Montenegro-Apraez A.A.; Barrera L.R.Q.; Rojas W.E.; Fernandez L.D.P.; Trejos S.S.,Endovascular Treatment of Blunt Aortic Trauma: First Colombian Case Series,Journal of Endovascular Resuscitation and Trauma Management,10.26676/jevtm.48940
2024,Rivera Ordóñez A.C.; Jojoa Cultid A.I.; Mora Benitez D.A.,Moderate and severe traumatic brain injury in a hospital in southwest Colombia: Clinical radiological factors related to mortality; [Trauma craneoencefálico moderado y severo en un hospital del suroccidente de Colombia: factores clínico-radiológicos relacionados con la mortalidad],Acta Neurologica Colombiana,10.22379/anc.v40i2.1771
2024,Flores M.; Reyna T.; Quiñonez E.; Mendoza J.A.; Corzo V.F.; Ortiz C.; Huerta S.,"Unsafe Practices of Motorcycle Riders in El Petén, Guatemala: A Community Observational Study and a Retrospective Institutional Review",Journal of Surgical Research,10.1016/j.jss.2024.04.084
2024,Shool S.; Piri S.M.; Ghodsi Z.; Tabrizi R.; Amirzade-Iranaq M.H.; Mashayekhi M.; Dabbagh Ohadi M.A.; Mojtabavi K.; Abbasnezhad R.; Vasighi K.; Atlasi R.; Ansari-Moghaddam A.; Taghi Heydari S.; Sharif-Alhoseini M.; Shafieian M.; O’Reilly G.; Rahimi-Movaghar V.,"The prevalence of helmet use in motorcyclists around the world: a systematic review and meta-analysis of 5,006,476 participants",International Journal of Injury Control and Safety Promotion,10.1080/17457300.2024.2335509
2023,Ribeiro E.A.; Ferreira R.H.; Caixeta L.C.; Fagundes M.J.L.; de Jesus Weber L.K.B.; Teixeira A.O.,"Clinical-epidemiological profile of traumatic brain injury associated with traffic accidents in southeastern Pará, in the Brazilian Amazon",Medicina (Brazil),10.11606/issn.2176-7262.rmrp.2023.204038
2023,Canonica A.C.; Alonso A.C.; da Silva V.C.; Bombana H.S.; Muzaurieta A.A.; Leyton V.; Greve J.M.D.,Factors Contributing to Traffic Accidents in Hospitalized Patients in Terms of Severity and Functionality,International Journal of Environmental Research and Public Health,10.3390/ijerph20010853
2023,Mercado Reyna J.; Luna-Garcia H.; Espino-Salinas C.H.; Celaya-Padilla J.M.; Gamboa-Rosales H.; Galván-Tejada J.I.; Galván-Tejada C.E.; Solís Robles R.; Rondon D.; Villalba-Condori K.O.,Detection of Helmet Use in Motorcycle Drivers Using Convolutional Neural Network,Applied Sciences (Switzerland),10.3390/app13105882
2023,Rivera-Lara L.; Videtta W.; Calvillo E.; Mejia-Mantilla J.; March K.; Ortega-Gutierrez S.; Obrego G.C.; Paranhos J.E.; Suarez J.I.,Reducing the incidence and mortality of traumatic brain injury in Latin America,European Journal of Trauma and Emergency Surgery,10.1007/s00068-022-02214-4
2022,Carvajal R.R.; Esteban A.N.P.; Contreras C.C.T.; Felipe R.E.E.; González N.R.; Muñoz C.C.M.,"Factors related to healthcare costs of road traffic accidents in Bucaramanga, Colombia",Revista de Saude Publica,10.11606/s1518-8787.2022056003299
2022,Below C.; Brianti I.C.; Parreira J.G.; Lucarelli-Antunes P.S.; Saade N.; Golin M.; Pivetta L.G.A.; Veiga J.C.E.; Assef J.C.,"Clinical assessment of head injuries in motorcyclists involved in traffic accidents: A prospective, observational study; [Investigação da presença de lesões traumáticas em segmento cefálico em motociclistas vítimas de acidentes de tráfego: Estudo observacional prospectivo]",Revista do Colegio Brasileiro de Cirurgioes,10.1590/0100-6991E-20223340
2022,da Silva A.A.; Ströher G.R.; Teixeira H.M.; Cordeiro M.V.G.; Olandoski M.; Von-Bahten L.C.,Impact of the COVID-19 pandemic on the epidemiology of traffic accidents: a cross-sectional study; [Impacto da pandemia da COVID-19 na epidemiologia dos acidentes de trânsito: um estudo transversal],Revista do Colegio Brasileiro de Cirurgioes,10.1590/0100-6991e-20223364-en
2022,Juengst S.B.; Perrin P.B.; Klyce D.W.; O’neil-Pirozzi T.M.; Herrera S.; Wright B.; Lengenfelder J.; Lercher K.; Callender L.; Arango-Lasprilla J.C.,Caregiver Characteristics of Adults with Acute Traumatic Brain Injury in the United States and Latin America,International Journal of Environmental Research and Public Health,10.3390/ijerph19095717
2021,Siteneski A.; Jalca Cantos L.D.; Calderón Delgado E.P.; Yaguache Celi R.M.; Silva Saltos C.A.; Zamora A.; Mastarreno M.; Portalanza D.,Injury patterns among road traffic accidents: A hospital-based study in Ecuador,Bionatura,10.21931/rb/2021.06.02.710.21931/
2021,Pérez-García V.; Amaris-Pérez A.; Escobar-Pacheco C.; Ramos-Díaz A.; Lozada-Martínez I.D.,Letter to the editor regarding “The impact of COVID-19 on neurosurgical head trauma referrals and admission at a tertiary neurosurgical centre”,Journal of Clinical Neuroscience,10.1016/j.jocn.2021.05.070
2021,Nogueira E.F.C.; de Souza R.R.L.; de Menezes L.P.; Lopes P.H.S.; Brasil Júnior O.; Vasconcellos R.J.H.,Reconstruction of extensive sequel of frontal fracture: Optimizing results; [Reconstrução de extensa sequela de fratura frontal: Otimizando resultados],Brazilian Dental Science,10.14295/bds.2021.v24i4.2587
2021,Paulino Campos M.C.; Venzel R.; Pessoa de Oliveira L.; Reis F.; Oliveira de Amorim R.L.,"Management of Traumatic Brain Injury at a Medium Complexity Hospital in a Remote Area of Amazonas, 2017–2019",World Neurosurgery,10.1016/j.wneu.2020.12.088
2021,Cavalcante D.K.F.; Veloso S.R.M.; Durão M.D.A.; Melo V.D.C.; Monteiro G.Q.D.M.; Porto G.G.,Do Helmet Use and Type Influence Facial Trauma Occurrence and Severity in Motorcyclists? A Systematic Review and Meta-analysis,Journal of Oral and Maxillofacial Surgery,10.1016/j.joms.2021.02.028
2021,Selveindran S.M.; Samarutilake G.D.N.; Vera D.S.; Brayne C.; Hill C.; Kolias A.; Joannides A.J.; Hutchinson P.J.A.; Rubiano A.M.,Prevention of road traffic collisions and associated neurotrauma in Colombia: An exploratory qualitative study,PLoS ONE,10.1371/journal.pone.0249004
2021,Batista A.V.S.; Aguiar G.B.; Bennett P.; Umigi M.R.; Veiga J.C.E.,Observational study of patients with occipital condyle fracture at a brazilian referral trauma center; [Estudo observacional de pacientes com fratura de côndilo ocipital em centro de referência em trauma no brasil],Revista do Colegio Brasileiro de Cirurgioes,10.1590/0100-6991e-20213024
2020,Rêgo I.C.Q.; Vilarinho S.M.M.; Rodrigues C.K.F.; Correia P.V.D.A.R.; Junqueira J.L.C.; Oliveira L.B.,Oral and cranio-maxillofacial trauma in children and adolescents in an emergency setting at a Brazilian hospital,Dental Traumatology,10.1111/edt.12515
2020,Bittar C.K.; Júnior A.C.; da Costa V.S.D.A.; de Freitas Pacheco A.C.; Ricci R.L.,Epidemiological profile of motorcycle accident victims in university hospital,Acta Ortopedica Brasileira,10.1590/1413-785220202802230035
2020,"James S.L.; Lucchesi L.R.; Bisignano C.; Castle C.D.; Dingels Z.V.; Fox J.T.; Hamilton E.B.; Liu Z.; McCracken D.; Nixon M.R.; Sylte D.O.; Roberts N.L.S.; Adebayo O.M.; Aghamolaei T.; Alghnam S.A.; Aljunid S.M.; Almasi-Hashiani A.; Badawi A.; Behzadifar M.; Behzadifar M.; Bekru E.T.; Bennett D.A.; Chapman J.R.; Deribe K.; Adema B.D.; Fatahi Y.; Gelaw B.K.; Getahun E.A.; Hendrie D.; Henok A.; de Hidru H.; Hosseinzadeh M.; Hu G.; Jahani M.A.; Jakovljevic M.; Jalilian F.; Joseph N.; Karami M.; Kelbore A.G.; Khan M.N.; Kim Y.J.; Koul P.A.; La Vecchia C.; Linn S.; Majdzadeh R.; Mehndiratta M.M.; Memiah P.T.N.; Mengesha M.M.; Merie H.E.; Miller T.R.; Mirzaei-Alavijeh M.; Darwesh A.M.; Mezerji N.M.G.; Mohammadibakhsh R.; Moodley Y.; Moradi-Lakeh M.; Musa K.I.; Nascimento B.R.; Nikbakhsh R.; Nyasulu P.S.; Bali A.O.; Onwujekwe O.E.; Pati S.; Kalhori R.P.; Salehi F.; Shahabi S.; Shallo S.A.; Shamsizadeh M.; Sharafi Z.; Shukla S.R.; Sobhiyeh M.R.; Soriano J.B.; Sykes B.L.; Tabarés-Seisdedos R.; Tadesse D.B.B.; Tefera Y.M.; Tehrani-Banihashemi A.; Tlou B.; Topor-Madry R.; Wiangkham T.; Yaseri M.; Yaya S.; Yenesew M.A.; Younis M.Z.; Ziapour A.; Zodpey S.; Pigott D.M.; Reiner R.C., Jr.; Hay S.I.; Lopez A.D.; Mokdad A.H.",Morbidity and mortality from road injuries: results from the Global Burden of Disease Study 2017,Injury Prevention,10.1136/injuryprev-2019-043302
2020,Dunne J.; Quiñones-Ossa G.A.; Still E.G.; Suarez M.N.; González-Soto J.A.; Vera D.S.; Rubiano A.M.,The Epidemiology of Traumatic Brain Injury Due to Traffic Accidents in Latin America: A Narrative Review,Journal of Neurosciences in Rural Practice,10.1055/s-0040-1709363
2020,Rubiano A.M.; Vera D.S.; Montenegro J.H.; Carney N.; Clavijo A.; Carreño J.N.; Gutierrez O.; Mejia J.; Ciro J.D.; Barrios N.D.; Soto A.R.; Tejada P.A.; Zerpa M.C.; Gomez A.; Navarrete N.; Echeverry O.; Umaña M.; Restrepo C.M.; Castillo J.L.; Sanabria O.A.; Bravo M.P.; Gomez C.M.; Godoy D.A.; Orjuela G.D.; Arias A.A.; Echeverri R.A.; Paranos J.,"Recommendations of the Colombian Consensus Committee for the Management of Traumatic Brain Injury in Prehospital, Emergency Department, Surgery, and Intensive Care (Beyond One Option for Treatment of Traumatic Brain Injury: A Stratified Protocol [BOOTStraP])",Journal of Neurosciences in Rural Practice,10.1055/s-0040-1701370
2020,Bhalla K.; Gleason K.,"Effects of vehicle safety design on road traffic deaths, injuries, and public health burden in the Latin American region: a modelling study",The Lancet Global Health,10.1016/S2214-109X(20)30102-9
2020,Cariello A.N.; Perrin P.B.; Agudelo Y.R.; Olivera Plaza S.L.; Quijano-Martínez M.C.; Trujillo M.A.; Arango-Lasprilla J.C.,Predictors of longitudinal depression trajectories after traumatic brain injury in Latin America: A multi-site study,NeuroRehabilitation,10.3233/NRE-192972
2020,Zileli M.; Sharif S.; Fornari M.; Ramani P.; Jian F.; Fessler R.; Kim S.-H.; Takami T.; Shimokawa N.; Dechambenoit G.; Qureshi M.; Konovalov N.; Masini M.; Osorio-Fonseca E.; Sanchez J.A.S.; Bajamal A.H.; Parthiban J.; Sih I.M.; Alves Ó.L.; Oertel J.; Rasulic L.; Costa F.; Peul W.C.; Sharma K.; Eldin M.M.; Ismail N.J.; Esene I.N.; Hossain M.; Kalevski S.; Hausmann O.N.; Yaman O.; Arif S.; Brady Z.,History of spinal neurosurgery and spine societies,Neurospine,10.14245/ns.2040622.311
2020,Silva A.C.V.; De Oliveira Farias M.A.; Bem L.S.; Valença M.M.; De Azevedo Filho H.R.C.,Decompressive Craniectomy in Traumatic Brain Injury: An Institutional Experience of 131 Cases in Two Years,Neurotrauma Reports,10.1089/neur.2020.0007
2020,Tencza E.; Harrell A.J.; Sarangarm P.,Effect of tranexamic acid administration time on blood product use in urban trauma patients,American Journal of Health-System Pharmacy,10.1093/ajhp/zxaa074
2020,"Pereira R.M.A.; Barbosa O.C.; Basílio A.F.; Santana A.C.; De Paula D.M.; Marangon H., Jr.",Surgical decompression of the orbit due to frontal bone and roof of the orbit fractures - A case report,Annals of Maxillofacial Surgery,10.4103/ams.ams_87_20
2020,Munayco-Guillen F.; Muro-Mansilla P.; Velasco-Stoll J.; Zavala-Loayza J.A.; Camara-Reyes R.R.,Post-traumatic eyeball luxation; [Avulsion postraumatics de globo ocular],Revista Mexicana de Oftalmologia,10.24875/RMOE.M20000098
2019,Fernández L.M.G.; Ortiz-Velásquez L.A.; Casas-Arroyave F.D.,Management and perioperative outcomes of traumatic brain injury: retrospective study,Colombian Journal of Anesthesiology,10.1097/CJ9.0000000000000112
2017,Gómez-Restrepo C.; Naranjo-Lujan S.; Rondón M.; Acosta A.; Maldonado P.; Arango Villegas C.; Hurtado J.; Hernández J.C.; Angarita M.D.P.; Peña M.; Saavedra M.Á.; Quitian H.,Latin American Clinical Epidemiology Network Series – Paper 6: The influence of alcohol in traffic accidents and health care costs of it in Bogotá-Colombia,Journal of Clinical Epidemiology,10.1016/j.jclinepi.2016.10.003
2017,Rosselli D.; Carlier J.C.; Lozano M.A.; Murcia L.H.; Amaya A.F.; del Río-McMahon R.,Death from external causes in infants in Colombia 2005-2013; [Muertes de causa externa en menores de cinco años en Colombia 2005-2013],Revista Chilena de Pediatria,10.4067/S0370-41062017000400004
2016,Cleves D.; Gómez C.; Dávalos D.M.; García X.; Astudillo R.E.,"Pediatric trauma at a general hospital in Cali, Colombia",Journal of Pediatric Surgery,10.1016/j.jpedsurg.2016.01.008
